<?xml version="1.0" encoding="UTF-8"?>
<!--
 * FCKeditor - The text editor for Internet - http://www.fckeditor.net
 * Copyright (C) 2004-2009 Frederico Caldeira Knabben
 * 
 * == BEGIN LICENSE ==
 * 
 * Licensed under the terms of any of the following licenses at your
 * choice:
 * 
 *  - GNU General Public License Version 2 or later (the "GPL")
 *    http://www.gnu.org/licenses/gpl.html
 * 
 *  - GNU Lesser General Public License Version 2.1 or later (the "LGPL")
 *    http://www.gnu.org/licenses/lgpl.html
 * 
 *  - Mozilla Public License Version 1.1 or later (the "MPL")
 *    http://www.mozilla.org/MPL/MPL-1.1.html
 * 
 * == END LICENSE ==
 * @version: $Id: site.xml 3695 2009-06-18 20:18:38Z mosipov $
-->
<project>

	<publishDate position="left" format="yyyy-MM-dd" />
	<version position="left" />

	<bannerLeft>
		<name>fckeditor</name>
		<src>../images/fckeditor-logo.gif</src>
		<href>http://www.fckeditor.net</href>
	</bannerLeft>

	<body>
		<head>
			<link rel="shortcut icon" href="../images/favicon.ico"
				type="image/x-icon"	/>
		</head>
		<menu name="Introduction">
			<item name="About" href="../index.html" />
			<item name="Release Notes" href="../changes-report.html" />
			<item name="Upgrade Notes" href="../upgrade_notes.html" />
			<item name="Demo" href="../demo.html" />
			<item name="Download" href="../download.html" />
			<item name="Installation" href="../installation.html" />
			<item name="FAQ" href="../faq.html" />
		</menu>
		<menu name="Integration">
			<item name="Overview" href="../int_overview.html" />
			<item name="Tag library"
				href="../taglibrary.html"
			/>
			<item name="Connector Servlet" href="../connector_servlet.html" />
			<item name="Velocity/FreeMarker" href="../velocity_freemarker.html" />
		</menu>
		<menu name="Extending the Library">
			<item name="Overview" href="../ext_overview.html" />
			<item name="UserAction" href="../useraction.html" />
			<item name="UserPathBuilder" href="../userpathbuilder.html" />
			<item name="Connector" href="../connector.html" />
			<item name="Localization" href="../localization.html" />
		</menu>
		<menu name="Reference">
			<item name="Tag library" href="../java-core/tagreference.html" />
			<item name="Configuration" href="../properties.html" />
		</menu>
		<menu name="Project Documentation">
			<item name="Project Summary" href="../project-summary.html" />
			<item name="Project Team" href="../team-list.html" />
			<item name="Project License" href="../license.html" />
			<item name="Mailing Lists" href="../mail-lists.html" />
			<item name="Forums" href="http://www.fckeditor.net/forums/" />
			<item name="Issue Tracking" href="../issue-tracking.html" />
			<item name="Source Repository" href="../source-repository.html" />
		</menu>
		<menu name="Modules Documentation">
			<item name="Integration Core" collapse="false">
				<item name="Module Summary"
					href="../java-core/project-summary.html" />
				<item name="Dependencies"
					href="../java-core/dependencies.html"	/>
				<item name="Module Reports"
					href="../java-core/project-reports.html" collapse="true">
					<item name="JavaDocs" href="../java-core/apidocs/index.html" />
					<item name="Clirr Report" 
						href="../java-core/clirr-report.html" />
					<item name="Surefire Report"
						href="../java-core/surefire-report.html" />
					<item name="Cobertura Test Coverage"
						href="../java-core/cobertura/index.html" />
					<item name="JavaNCSS Report"
						href="../java-core/javancss.html" />
					<item name="Source Xref" 
						href="../java-core/xref/index.html" />
					<item name="Test Source Xref"
						href="../java-core/xref-test/index.html" />
					<item name="Taglibdoc documentation"
						href="../java-core/tlddoc/index.html"	/>
					<item name="Tag library validation"
						href="../java-core/taglibvalidation.html" />
					<item name="Tag List" href="../java-core/taglist.html" />
				</item>
			</item>
			<item name="Integration Demo" collapse="false">
				<item name="Module Summary"
					href="project-summary.html" />
			<item name="Dependencies"
					href="dependencies.html" />
			</item>
		</menu>
	</body>

	<poweredBy>
		<logo name="Maven" href="http://maven.apache.org/"
			img="http://maven.apache.org/images/logos/maven-inside.png"	/>
	</poweredBy>

</project>
